StartRegion,DestRegion,Drive
Bbcountry,Bbcity,0.026
Becountry,Bbcity,0.0
Bwcountry,Bbcity,0.0
Bycountry,Bbcity,0.0
Hbcountry,Bbcity,0.0
Hecountry,Bbcity,0.0
Hhcountry,Bbcity,0.0
Mvcountry,Bbcity,0.146
Nicountry,Bbcity,0.0
Nwcountry,Bbcity,0.0
Rpcountry,Bbcity,0.0
Shcountry,Bbcity,0.0
Slcountry,Bbcity,0.0
Sncountry,Bbcity,0.042
Stcountry,Bbcity,0.084
Thcountry,Bbcity,0.0
Bbcity,Bbcity,0.093
Becity,Bbcity,0.031
Bwcity,Bbcity,0.0
Bycity,Bbcity,0.0
Hbcity,Bbcity,0.0
Hecity,Bbcity,0.0
Hhcity,Bbcity,0.0
Mvcity,Bbcity,0.206
Nicity,Bbcity,0.0
Nwcity,Bbcity,0.0
Rpcity,Bbcity,0.0
Shcity,Bbcity,0.0
Slcity,Bbcity,0.0
Sncity,Bbcity,0.068
Stcity,Bbcity,0.116
Thcity,Bbcity,0.0
Bbcountry,Becity,0.031
Becountry,Becity,0.0
Bwcountry,Becity,0.0
Bycountry,Becity,0.0
Hbcountry,Becity,0.0
Hecountry,Becity,0.0
Hhcountry,Becity,0.0
Mvcountry,Becity,0.0
Nicountry,Becity,0.0
Nwcountry,Becity,0.0
Rpcountry,Becity,0.0
Shcountry,Becity,0.0
Slcountry,Becity,0.0
Sncountry,Becity,0.0
Stcountry,Becity,0.0
Thcountry,Becity,0.0
Bbcity,Becity,0.027
Becity,Becity,0.008
Bwcity,Becity,0.0
Bycity,Becity,0.0
Hbcity,Becity,0.0
Hecity,Becity,0.0
Hhcity,Becity,0.0
Mvcity,Becity,0.0
Nicity,Becity,0.0
Nwcity,Becity,0.0
Rpcity,Becity,0.0
Shcity,Becity,0.0
Slcity,Becity,0.0
Sncity,Becity,0.0
Stcity,Becity,0.0
Thcity,Becity,0.0
Bbcountry,Bwcity,0.0
Becountry,Bwcity,0.0
Bwcountry,Bwcity,0.0
Bycountry,Bwcity,0.04
Hbcountry,Bwcity,0.0
Hecountry,Bwcity,0.028
Hhcountry,Bwcity,0.0
Mvcountry,Bwcity,0.0
Nicountry,Bwcity,0.0
Nwcountry,Bwcity,0.0
Rpcountry,Bwcity,0.03
Shcountry,Bwcity,0.0
Slcountry,Bwcity,0.0
Sncountry,Bwcity,0.0
Stcountry,Bwcity,0.0
Thcountry,Bwcity,0.0
Bbcity,Bwcity,0.0
Becity,Bwcity,0.0
Bwcity,Bwcity,0.0
Bycity,Bwcity,0.081
Hbcity,Bwcity,0.0
Hecity,Bwcity,0.103
Hhcity,Bwcity,0.0
Mvcity,Bwcity,0.0
Nicity,Bwcity,0.0
Nwcity,Bwcity,0.0
Rpcity,Bwcity,0.023
Shcity,Bwcity,0.0
Slcity,Bwcity,0.0
Sncity,Bwcity,0.0
Stcity,Bwcity,0.0
Thcity,Bwcity,0.0
Bbcountry,Bycity,0.0
Becountry,Bycity,0.0
Bwcountry,Bycity,0.132
Bycountry,Bycity,0.0
Hbcountry,Bycity,0.0
Hecountry,Bycity,0.186
Hhcountry,Bycity,0.0
Mvcountry,Bycity,0.0
Nicountry,Bycity,0.0
Nwcountry,Bycity,0.0
Rpcountry,Bycity,0.0
Shcountry,Bycity,0.0
Slcountry,Bycity,0.0
Sncountry,Bycity,0.209
Stcountry,Bycity,0.234
Thcountry,Bycity,0.126
Bbcity,Bycity,0.0
Becity,Bycity,0.0
Bwcity,Bycity,0.051
Bycity,Bycity,0.0
Hbcity,Bycity,0.0
Hecity,Bycity,0.128
Hhcity,Bycity,0.0
Mvcity,Bycity,0.0
Nicity,Bycity,0.0
Nwcity,Bycity,0.0
Rpcity,Bycity,0.0
Shcity,Bycity,0.0
Slcity,Bycity,0.0
Sncity,Bycity,0.252
Stcity,Bycity,0.272
Thcity,Bycity,0.171
Bbcountry,Hbcity,0.0
Becountry,Hbcity,0.0
Bwcountry,Hbcity,0.0
Bycountry,Hbcity,0.0
Hbcountry,Hbcity,0.0
Hecountry,Hbcity,0.0
Hhcountry,Hbcity,0.0
Mvcountry,Hbcity,0.0
Nicountry,Hbcity,0.025
Nwcountry,Hbcity,0.0
Rpcountry,Hbcity,0.0
Shcountry,Hbcity,0.0
Slcountry,Hbcity,0.0
Sncountry,Hbcity,0.0
Stcountry,Hbcity,0.0
Thcountry,Hbcity,0.0
Bbcity,Hbcity,0.0
Becity,Hbcity,0.0
Bwcity,Hbcity,0.0
Bycity,Hbcity,0.0
Hbcity,Hbcity,0.048
Hecity,Hbcity,0.0
Hhcity,Hbcity,0.0
Mvcity,Hbcity,0.0
Nicity,Hbcity,0.031
Nwcity,Hbcity,0.0
Rpcity,Hbcity,0.0
Shcity,Hbcity,0.0
Slcity,Hbcity,0.0
Sncity,Hbcity,0.0
Stcity,Hbcity,0.0
Thcity,Hbcity,0.0
Bbcountry,Hecity,0.0
Becountry,Hecity,0.0
Bwcountry,Hecity,0.137
Bycountry,Hecity,0.0
Hbcountry,Hecity,0.0
Hecountry,Hecity,0.021
Hhcountry,Hecity,0.0
Mvcountry,Hecity,0.0
Nicountry,Hecity,0.125
Nwcountry,Hecity,0.156
Rpcountry,Hecity,0.044
Shcountry,Hecity,0.0
Slcountry,Hecity,0.0
Sncountry,Hecity,0.0
Stcountry,Hecity,0.0
Thcountry,Hecity,0.086
Bbcity,Hecity,0.0
Becity,Hecity,0.0
Bwcity,Hecity,0.129
Bycity,Hecity,0.0
Hbcity,Hecity,0.0
Hecity,Hecity,0.028
Hhcity,Hecity,0.0
Mvcity,Hecity,0.0
Nicity,Hecity,0.201
Nwcity,Hecity,0.162
Rpcity,Hecity,0.024
Shcity,Hecity,0.0
Slcity,Hecity,0.0
Sncity,Hecity,0.0
Stcity,Hecity,0.0
Thcity,Hecity,0.187
Bbcountry,Hhcity,0.0
Becountry,Hhcity,0.0
Bwcountry,Hhcity,0.0
Bycountry,Hhcity,0.0
Hbcountry,Hhcity,0.0
Hecountry,Hhcity,0.0
Hhcountry,Hhcity,0.0
Mvcountry,Hhcity,0.122
Nicountry,Hhcity,0.043
Nwcountry,Hhcity,0.0
Rpcountry,Hhcity,0.0
Shcountry,Hhcity,0.031
Slcountry,Hhcity,0.0
Sncountry,Hhcity,0.0
Stcountry,Hhcity,0.0
Thcountry,Hhcity,0.0
Bbcity,Hhcity,0.0
Becity,Hhcity,0.0
Bwcity,Hhcity,0.0
Bycity,Hhcity,0.0
Hbcity,Hhcity,0.0
Hecity,Hhcity,0.0
Hhcity,Hhcity,0.008
Mvcity,Hhcity,0.119
Nicity,Hhcity,0.083
Nwcity,Hhcity,0.0
Rpcity,Hhcity,0.0
Shcity,Hhcity,0.047
Slcity,Hhcity,0.0
Sncity,Hhcity,0.0
Stcity,Hhcity,0.0
Thcity,Hhcity,0.0
Bbcountry,Mvcity,0.11
Becountry,Mvcity,0.0
Bwcountry,Mvcity,0.0
Bycountry,Mvcity,0.0
Hbcountry,Mvcity,0.0
Hecountry,Mvcity,0.0
Hhcountry,Mvcity,0.0
Mvcountry,Mvcity,0.031
Nicountry,Mvcity,0.106
Nwcountry,Mvcity,0.0
Rpcountry,Mvcity,0.0
Shcountry,Mvcity,0.079
Slcountry,Mvcity,0.0
Sncountry,Mvcity,0.0
Stcountry,Mvcity,0.0
Thcountry,Mvcity,0.0
Bbcity,Mvcity,0.224
Becity,Mvcity,0.0
Bwcity,Mvcity,0.0
Bycity,Mvcity,0.0
Hbcity,Mvcity,0.0
Hecity,Mvcity,0.0
Hhcity,Mvcity,0.124
Mvcity,Mvcity,0.039
Nicity,Mvcity,0.245
Nwcity,Mvcity,0.0
Rpcity,Mvcity,0.0
Shcity,Mvcity,0.132
Slcity,Mvcity,0.0
Sncity,Mvcity,0.0
Stcity,Mvcity,0.0
Thcity,Mvcity,0.0
Bbcountry,Nicity,0.0
Becountry,Nicity,0.0
Bwcountry,Nicity,0.0
Bycountry,Nicity,0.0
Hbcountry,Nicity,0.0
Hecountry,Nicity,0.16
Hhcountry,Nicity,0.0
Mvcountry,Nicity,0.277
Nicountry,Nicity,0.024
Nwcountry,Nicity,0.048
Rpcountry,Nicity,0.0
Shcountry,Nicity,0.177
Slcountry,Nicity,0.0
Sncountry,Nicity,0.0
Stcountry,Nicity,0.074
Thcountry,Nicity,0.136
Bbcity,Nicity,0.0
Becity,Nicity,0.0
Bwcity,Nicity,0.0
Bycity,Nicity,0.0
Hbcity,Nicity,0.07
Hecity,Nicity,0.139
Hhcity,Nicity,0.14
Mvcity,Nicity,0.241
Nicity,Nicity,0.031
Nwcity,Nicity,0.135
Rpcity,Nicity,0.0
Shcity,Nicity,0.218
Slcity,Nicity,0.0
Sncity,Nicity,0.0
Stcity,Nicity,0.112
Thcity,Nicity,0.184
Bbcountry,Nwcity,0.0
Becountry,Nwcity,0.0
Bwcountry,Nwcity,0.0
Bycountry,Nwcity,0.0
Hbcountry,Nwcity,0.0
Hecountry,Nwcity,0.151
Hhcountry,Nwcity,0.0
Mvcountry,Nwcity,0.0
Nicountry,Nwcity,0.153
Nwcountry,Nwcity,0.024
Rpcountry,Nwcity,0.049
Shcountry,Nwcity,0.0
Slcountry,Nwcity,0.0
Sncountry,Nwcity,0.0
Stcountry,Nwcity,0.0
Thcountry,Nwcity,0.0
Bbcity,Nwcity,0.0
Becity,Nwcity,0.0
Bwcity,Nwcity,0.0
Bycity,Nwcity,0.0
Hbcity,Nwcity,0.0
Hecity,Nwcity,0.159
Hhcity,Nwcity,0.0
Mvcity,Nwcity,0.0
Nicity,Nwcity,0.207
Nwcity,Nwcity,0.023
Rpcity,Nwcity,0.139
Shcity,Nwcity,0.0
Slcity,Nwcity,0.0
Sncity,Nwcity,0.0
Stcity,Nwcity,0.0
Thcity,Nwcity,0.0
Bbcountry,Rpcity,0.0
Becountry,Rpcity,0.0
Bwcountry,Rpcity,0.028
Bycountry,Rpcity,0.0
Hbcountry,Rpcity,0.0
Hecountry,Rpcity,0.023
Hhcountry,Rpcity,0.0
Mvcountry,Rpcity,0.0
Nicountry,Rpcity,0.312
Nwcountry,Rpcity,0.113
Rpcountry,Rpcity,0.02
Shcountry,Rpcity,0.0
Slcountry,Rpcity,0.049
Sncountry,Rpcity,0.0
Stcountry,Rpcity,0.0
Thcountry,Rpcity,0.0
Bbcity,Rpcity,0.0
Becity,Rpcity,0.0
Bwcity,Rpcity,0.025
Bycity,Rpcity,0.0
Hbcity,Rpcity,0.0
Hecity,Rpcity,0.024
Hhcity,Rpcity,0.0
Mvcity,Rpcity,0.0
Nicity,Rpcity,0.296
Nwcity,Rpcity,0.131
Rpcity,Rpcity,0.033
Shcity,Rpcity,0.0
Slcity,Rpcity,0.076
Sncity,Rpcity,0.0
Stcity,Rpcity,0.0
Thcity,Rpcity,0.0
Bbcountry,Shcity,0.0
Becountry,Shcity,0.0
Bwcountry,Shcity,0.0
Bycountry,Shcity,0.0
Hbcountry,Shcity,0.0
Hecountry,Shcity,0.0
Hhcountry,Shcity,0.0
Mvcountry,Shcity,0.115
Nicountry,Shcity,0.145
Nwcountry,Shcity,0.0
Rpcountry,Shcity,0.0
Shcountry,Shcity,0.024
Slcountry,Shcity,0.0
Sncountry,Shcity,0.0
Stcountry,Shcity,0.0
Thcountry,Shcity,0.0
Bbcity,Shcity,0.0
Becity,Shcity,0.0
Bwcity,Shcity,0.0
Bycity,Shcity,0.0
Hbcity,Shcity,0.0
Hecity,Shcity,0.0
Hhcity,Shcity,0.067
Mvcity,Shcity,0.121
Nicity,Shcity,0.214
Nwcity,Shcity,0.0
Rpcity,Shcity,0.0
Shcity,Shcity,0.024
Slcity,Shcity,0.0
Sncity,Shcity,0.0
Stcity,Shcity,0.0
Thcity,Shcity,0.0
Bbcountry,Slcity,0.0
Becountry,Slcity,0.0
Bwcountry,Slcity,0.0
Bycountry,Slcity,0.0
Hbcountry,Slcity,0.0
Hecountry,Slcity,0.0
Hhcountry,Slcity,0.0
Mvcountry,Slcity,0.0
Nicountry,Slcity,0.0
Nwcountry,Slcity,0.0
Rpcountry,Slcity,0.051
Shcountry,Slcity,0.0
Slcountry,Slcity,0.016
Sncountry,Slcity,0.0
Stcountry,Slcity,0.0
Thcountry,Slcity,0.0
Bbcity,Slcity,0.0
Becity,Slcity,0.0
Bwcity,Slcity,0.0
Bycity,Slcity,0.0
Hbcity,Slcity,0.0
Hecity,Slcity,0.0
Hhcity,Slcity,0.0
Mvcity,Slcity,0.0
Nicity,Slcity,0.0
Nwcity,Slcity,0.0
Rpcity,Slcity,0.075
Shcity,Slcity,0.0
Slcity,Slcity,0.015
Sncity,Slcity,0.0
Stcity,Slcity,0.0
Thcity,Slcity,0.0
Bbcountry,Sncity,0.092
Becountry,Sncity,0.0
Bwcountry,Sncity,0.0
Bycountry,Sncity,0.2
Hbcountry,Sncity,0.0
Hecountry,Sncity,0.0
Hhcountry,Sncity,0.0
Mvcountry,Sncity,0.0
Nicountry,Sncity,0.0
Nwcountry,Sncity,0.0
Rpcountry,Sncity,0.0
Shcountry,Sncity,0.0
Slcountry,Sncity,0.0
Sncountry,Sncity,0.024
Stcountry,Sncity,0.046
Thcountry,Sncity,0.09
Bbcity,Sncity,0.126
Becity,Sncity,0.0
Bwcity,Sncity,0.0
Bycity,Sncity,0.312
Hbcity,Sncity,0.0
Hecity,Sncity,0.0
Hhcity,Sncity,0.0
Mvcity,Sncity,0.0
Nicity,Sncity,0.0
Nwcity,Sncity,0.0
Rpcity,Sncity,0.0
Shcity,Sncity,0.0
Slcity,Sncity,0.0
Sncity,Sncity,0.08
Stcity,Sncity,0.052
Thcity,Sncity,0.11
Bbcountry,Stcity,0.09
Becountry,Stcity,0.0
Bwcountry,Stcity,0.0
Bycountry,Stcity,0.0
Hbcountry,Stcity,0.0
Hecountry,Stcity,0.0
Hhcountry,Stcity,0.0
Mvcountry,Stcity,0.0
Nicountry,Stcity,0.073
Nwcountry,Stcity,0.0
Rpcountry,Stcity,0.0
Shcountry,Stcity,0.0
Slcountry,Stcity,0.0
Sncountry,Stcity,0.043
Stcountry,Stcity,0.023
Thcountry,Stcity,0.079
Bbcity,Stcity,0.12
Becity,Stcity,0.0
Bwcity,Stcity,0.0
Bycity,Stcity,0.0
Hbcity,Stcity,0.0
Hecity,Stcity,0.262
Hhcity,Stcity,0.0
Mvcity,Stcity,0.0
Nicity,Stcity,0.115
Nwcity,Stcity,0.0
Rpcity,Stcity,0.0
Shcity,Stcity,0.0
Slcity,Stcity,0.0
Sncity,Stcity,0.052
Stcity,Stcity,0.044
Thcity,Stcity,0.101
Bbcountry,Thcity,0.188
Becountry,Thcity,0.0
Bwcountry,Thcity,0.0
Bycountry,Thcity,0.155
Hbcountry,Thcity,0.0
Hecountry,Thcity,0.031
Hhcountry,Thcity,0.0
Mvcountry,Thcity,0.0
Nicountry,Thcity,0.0
Nwcountry,Thcity,0.0
Rpcountry,Thcity,0.0
Shcountry,Thcity,0.0
Slcountry,Thcity,0.0
Sncountry,Thcity,0.101
Stcountry,Thcity,0.052
Thcountry,Thcity,0.025
Bbcity,Thcity,0.217
Becity,Thcity,0.0
Bwcity,Thcity,0.0
Bycity,Thcity,0.241
Hbcity,Thcity,0.0
Hecity,Thcity,0.169
Hhcity,Thcity,0.0
Mvcity,Thcity,0.0
Nicity,Thcity,0.0
Nwcity,Thcity,0.0
Rpcity,Thcity,0.0
Shcity,Thcity,0.0
Slcity,Thcity,0.0
Sncity,Thcity,0.099
Stcity,Thcity,0.097
Thcity,Thcity,0.035
Bbcountry,Bbcountry,0.0
Becountry,Bbcountry,0.0
Bwcountry,Bbcountry,0.0
Bycountry,Bbcountry,0.0
Hbcountry,Bbcountry,0.0
Hecountry,Bbcountry,0.0
Hhcountry,Bbcountry,0.0
Mvcountry,Bbcountry,0.0
Nicountry,Bbcountry,0.0
Nwcountry,Bbcountry,0.0
Rpcountry,Bbcountry,0.0
Shcountry,Bbcountry,0.0
Slcountry,Bbcountry,0.0
Sncountry,Bbcountry,0.0
Stcountry,Bbcountry,0.0
Thcountry,Bbcountry,0.0
Bbcity,Bbcountry,0.0
Becity,Bbcountry,0.0
Bwcity,Bbcountry,0.0
Bycity,Bbcountry,0.0
Hbcity,Bbcountry,0.0
Hecity,Bbcountry,0.0
Hhcity,Bbcountry,0.0
Mvcity,Bbcountry,0.0
Nicity,Bbcountry,0.0
Nwcity,Bbcountry,0.0
Rpcity,Bbcountry,0.0
Shcity,Bbcountry,0.0
Slcity,Bbcountry,0.0
Sncity,Bbcountry,0.0
Stcity,Bbcountry,0.0
Thcity,Bbcountry,0.0
Bbcountry,Becountry,0.0
Becountry,Becountry,0.0
Bwcountry,Becountry,0.0
Bycountry,Becountry,0.0
Hbcountry,Becountry,0.0
Hecountry,Becountry,0.0
Hhcountry,Becountry,0.0
Mvcountry,Becountry,0.0
Nicountry,Becountry,0.0
Nwcountry,Becountry,0.0
Rpcountry,Becountry,0.0
Shcountry,Becountry,0.0
Slcountry,Becountry,0.0
Sncountry,Becountry,0.0
Stcountry,Becountry,0.0
Thcountry,Becountry,0.0
Bbcity,Becountry,0.0
Becity,Becountry,0.0
Bwcity,Becountry,0.0
Bycity,Becountry,0.0
Hbcity,Becountry,0.0
Hecity,Becountry,0.0
Hhcity,Becountry,0.0
Mvcity,Becountry,0.0
Nicity,Becountry,0.0
Nwcity,Becountry,0.0
Rpcity,Becountry,0.0
Shcity,Becountry,0.0
Slcity,Becountry,0.0
Sncity,Becountry,0.0
Stcity,Becountry,0.0
Thcity,Becountry,0.0
Bbcountry,Bwcountry,0.0
Becountry,Bwcountry,0.0
Bwcountry,Bwcountry,0.0
Bycountry,Bwcountry,0.0
Hbcountry,Bwcountry,0.0
Hecountry,Bwcountry,0.0
Hhcountry,Bwcountry,0.0
Mvcountry,Bwcountry,0.0
Nicountry,Bwcountry,0.0
Nwcountry,Bwcountry,0.0
Rpcountry,Bwcountry,0.0
Shcountry,Bwcountry,0.0
Slcountry,Bwcountry,0.0
Sncountry,Bwcountry,0.0
Stcountry,Bwcountry,0.0
Thcountry,Bwcountry,0.0
Bbcity,Bwcountry,0.0
Becity,Bwcountry,0.0
Bwcity,Bwcountry,0.0
Bycity,Bwcountry,0.0
Hbcity,Bwcountry,0.0
Hecity,Bwcountry,0.0
Hhcity,Bwcountry,0.0
Mvcity,Bwcountry,0.0
Nicity,Bwcountry,0.0
Nwcity,Bwcountry,0.0
Rpcity,Bwcountry,0.0
Shcity,Bwcountry,0.0
Slcity,Bwcountry,0.0
Sncity,Bwcountry,0.0
Stcity,Bwcountry,0.0
Thcity,Bwcountry,0.0
Bbcountry,Bycountry,0.0
Becountry,Bycountry,0.0
Bwcountry,Bycountry,0.0
Bycountry,Bycountry,0.0
Hbcountry,Bycountry,0.0
Hecountry,Bycountry,0.0
Hhcountry,Bycountry,0.0
Mvcountry,Bycountry,0.0
Nicountry,Bycountry,0.0
Nwcountry,Bycountry,0.0
Rpcountry,Bycountry,0.0
Shcountry,Bycountry,0.0
Slcountry,Bycountry,0.0
Sncountry,Bycountry,0.0
Stcountry,Bycountry,0.0
Thcountry,Bycountry,0.0
Bbcity,Bycountry,0.0
Becity,Bycountry,0.0
Bwcity,Bycountry,0.0
Bycity,Bycountry,0.0
Hbcity,Bycountry,0.0
Hecity,Bycountry,0.0
Hhcity,Bycountry,0.0
Mvcity,Bycountry,0.0
Nicity,Bycountry,0.0
Nwcity,Bycountry,0.0
Rpcity,Bycountry,0.0
Shcity,Bycountry,0.0
Slcity,Bycountry,0.0
Sncity,Bycountry,0.0
Stcity,Bycountry,0.0
Thcity,Bycountry,0.0
Bbcountry,Hbcountry,0.0
Becountry,Hbcountry,0.0
Bwcountry,Hbcountry,0.0
Bycountry,Hbcountry,0.0
Hbcountry,Hbcountry,0.0
Hecountry,Hbcountry,0.0
Hhcountry,Hbcountry,0.0
Mvcountry,Hbcountry,0.0
Nicountry,Hbcountry,0.0
Nwcountry,Hbcountry,0.0
Rpcountry,Hbcountry,0.0
Shcountry,Hbcountry,0.0
Slcountry,Hbcountry,0.0
Sncountry,Hbcountry,0.0
Stcountry,Hbcountry,0.0
Thcountry,Hbcountry,0.0
Bbcity,Hbcountry,0.0
Becity,Hbcountry,0.0
Bwcity,Hbcountry,0.0
Bycity,Hbcountry,0.0
Hbcity,Hbcountry,0.0
Hecity,Hbcountry,0.0
Hhcity,Hbcountry,0.0
Mvcity,Hbcountry,0.0
Nicity,Hbcountry,0.0
Nwcity,Hbcountry,0.0
Rpcity,Hbcountry,0.0
Shcity,Hbcountry,0.0
Slcity,Hbcountry,0.0
Sncity,Hbcountry,0.0
Stcity,Hbcountry,0.0
Thcity,Hbcountry,0.0
Bbcountry,Hecountry,0.0
Becountry,Hecountry,0.0
Bwcountry,Hecountry,0.0
Bycountry,Hecountry,0.0
Hbcountry,Hecountry,0.0
Hecountry,Hecountry,0.0
Hhcountry,Hecountry,0.0
Mvcountry,Hecountry,0.0
Nicountry,Hecountry,0.0
Nwcountry,Hecountry,0.0
Rpcountry,Hecountry,0.0
Shcountry,Hecountry,0.0
Slcountry,Hecountry,0.0
Sncountry,Hecountry,0.0
Stcountry,Hecountry,0.0
Thcountry,Hecountry,0.0
Bbcity,Hecountry,0.0
Becity,Hecountry,0.0
Bwcity,Hecountry,0.0
Bycity,Hecountry,0.0
Hbcity,Hecountry,0.0
Hecity,Hecountry,0.0
Hhcity,Hecountry,0.0
Mvcity,Hecountry,0.0
Nicity,Hecountry,0.0
Nwcity,Hecountry,0.0
Rpcity,Hecountry,0.0
Shcity,Hecountry,0.0
Slcity,Hecountry,0.0
Sncity,Hecountry,0.0
Stcity,Hecountry,0.0
Thcity,Hecountry,0.0
Bbcountry,Hhcountry,0.0
Becountry,Hhcountry,0.0
Bwcountry,Hhcountry,0.0
Bycountry,Hhcountry,0.0
Hbcountry,Hhcountry,0.0
Hecountry,Hhcountry,0.0
Hhcountry,Hhcountry,0.0
Mvcountry,Hhcountry,0.0
Nicountry,Hhcountry,0.0
Nwcountry,Hhcountry,0.0
Rpcountry,Hhcountry,0.0
Shcountry,Hhcountry,0.0
Slcountry,Hhcountry,0.0
Sncountry,Hhcountry,0.0
Stcountry,Hhcountry,0.0
Thcountry,Hhcountry,0.0
Bbcity,Hhcountry,0.0
Becity,Hhcountry,0.0
Bwcity,Hhcountry,0.0
Bycity,Hhcountry,0.0
Hbcity,Hhcountry,0.0
Hecity,Hhcountry,0.0
Hhcity,Hhcountry,0.0
Mvcity,Hhcountry,0.0
Nicity,Hhcountry,0.0
Nwcity,Hhcountry,0.0
Rpcity,Hhcountry,0.0
Shcity,Hhcountry,0.0
Slcity,Hhcountry,0.0
Sncity,Hhcountry,0.0
Stcity,Hhcountry,0.0
Thcity,Hhcountry,0.0
Bbcountry,Mvcountry,0.0
Becountry,Mvcountry,0.0
Bwcountry,Mvcountry,0.0
Bycountry,Mvcountry,0.0
Hbcountry,Mvcountry,0.0
Hecountry,Mvcountry,0.0
Hhcountry,Mvcountry,0.0
Mvcountry,Mvcountry,0.0
Nicountry,Mvcountry,0.0
Nwcountry,Mvcountry,0.0
Rpcountry,Mvcountry,0.0
Shcountry,Mvcountry,0.0
Slcountry,Mvcountry,0.0
Sncountry,Mvcountry,0.0
Stcountry,Mvcountry,0.0
Thcountry,Mvcountry,0.0
Bbcity,Mvcountry,0.0
Becity,Mvcountry,0.0
Bwcity,Mvcountry,0.0
Bycity,Mvcountry,0.0
Hbcity,Mvcountry,0.0
Hecity,Mvcountry,0.0
Hhcity,Mvcountry,0.0
Mvcity,Mvcountry,0.0
Nicity,Mvcountry,0.0
Nwcity,Mvcountry,0.0
Rpcity,Mvcountry,0.0
Shcity,Mvcountry,0.0
Slcity,Mvcountry,0.0
Sncity,Mvcountry,0.0
Stcity,Mvcountry,0.0
Thcity,Mvcountry,0.0
Bbcountry,Nicountry,0.0
Becountry,Nicountry,0.0
Bwcountry,Nicountry,0.0
Bycountry,Nicountry,0.0
Hbcountry,Nicountry,0.0
Hecountry,Nicountry,0.0
Hhcountry,Nicountry,0.0
Mvcountry,Nicountry,0.0
Nicountry,Nicountry,0.0
Nwcountry,Nicountry,0.0
Rpcountry,Nicountry,0.0
Shcountry,Nicountry,0.0
Slcountry,Nicountry,0.0
Sncountry,Nicountry,0.0
Stcountry,Nicountry,0.0
Thcountry,Nicountry,0.0
Bbcity,Nicountry,0.0
Becity,Nicountry,0.0
Bwcity,Nicountry,0.0
Bycity,Nicountry,0.0
Hbcity,Nicountry,0.0
Hecity,Nicountry,0.0
Hhcity,Nicountry,0.0
Mvcity,Nicountry,0.0
Nicity,Nicountry,0.0
Nwcity,Nicountry,0.0
Rpcity,Nicountry,0.0
Shcity,Nicountry,0.0
Slcity,Nicountry,0.0
Sncity,Nicountry,0.0
Stcity,Nicountry,0.0
Thcity,Nicountry,0.0
Bbcountry,Nwcountry,0.0
Becountry,Nwcountry,0.0
Bwcountry,Nwcountry,0.0
Bycountry,Nwcountry,0.0
Hbcountry,Nwcountry,0.0
Hecountry,Nwcountry,0.0
Hhcountry,Nwcountry,0.0
Mvcountry,Nwcountry,0.0
Nicountry,Nwcountry,0.0
Nwcountry,Nwcountry,0.0
Rpcountry,Nwcountry,0.0
Shcountry,Nwcountry,0.0
Slcountry,Nwcountry,0.0
Sncountry,Nwcountry,0.0
Stcountry,Nwcountry,0.0
Thcountry,Nwcountry,0.0
Bbcity,Nwcountry,0.0
Becity,Nwcountry,0.0
Bwcity,Nwcountry,0.0
Bycity,Nwcountry,0.0
Hbcity,Nwcountry,0.0
Hecity,Nwcountry,0.0
Hhcity,Nwcountry,0.0
Mvcity,Nwcountry,0.0
Nicity,Nwcountry,0.0
Nwcity,Nwcountry,0.0
Rpcity,Nwcountry,0.0
Shcity,Nwcountry,0.0
Slcity,Nwcountry,0.0
Sncity,Nwcountry,0.0
Stcity,Nwcountry,0.0
Thcity,Nwcountry,0.0
Bbcountry,Rpcountry,0.0
Becountry,Rpcountry,0.0
Bwcountry,Rpcountry,0.0
Bycountry,Rpcountry,0.0
Hbcountry,Rpcountry,0.0
Hecountry,Rpcountry,0.0
Hhcountry,Rpcountry,0.0
Mvcountry,Rpcountry,0.0
Nicountry,Rpcountry,0.0
Nwcountry,Rpcountry,0.0
Rpcountry,Rpcountry,0.0
Shcountry,Rpcountry,0.0
Slcountry,Rpcountry,0.0
Sncountry,Rpcountry,0.0
Stcountry,Rpcountry,0.0
Thcountry,Rpcountry,0.0
Bbcity,Rpcountry,0.0
Becity,Rpcountry,0.0
Bwcity,Rpcountry,0.0
Bycity,Rpcountry,0.0
Hbcity,Rpcountry,0.0
Hecity,Rpcountry,0.0
Hhcity,Rpcountry,0.0
Mvcity,Rpcountry,0.0
Nicity,Rpcountry,0.0
Nwcity,Rpcountry,0.0
Rpcity,Rpcountry,0.0
Shcity,Rpcountry,0.0
Slcity,Rpcountry,0.0
Sncity,Rpcountry,0.0
Stcity,Rpcountry,0.0
Thcity,Rpcountry,0.0
Bbcountry,Shcountry,0.0
Becountry,Shcountry,0.0
Bwcountry,Shcountry,0.0
Bycountry,Shcountry,0.0
Hbcountry,Shcountry,0.0
Hecountry,Shcountry,0.0
Hhcountry,Shcountry,0.0
Mvcountry,Shcountry,0.0
Nicountry,Shcountry,0.0
Nwcountry,Shcountry,0.0
Rpcountry,Shcountry,0.0
Shcountry,Shcountry,0.0
Slcountry,Shcountry,0.0
Sncountry,Shcountry,0.0
Stcountry,Shcountry,0.0
Thcountry,Shcountry,0.0
Bbcity,Shcountry,0.0
Becity,Shcountry,0.0
Bwcity,Shcountry,0.0
Bycity,Shcountry,0.0
Hbcity,Shcountry,0.0
Hecity,Shcountry,0.0
Hhcity,Shcountry,0.0
Mvcity,Shcountry,0.0
Nicity,Shcountry,0.0
Nwcity,Shcountry,0.0
Rpcity,Shcountry,0.0
Shcity,Shcountry,0.0
Slcity,Shcountry,0.0
Sncity,Shcountry,0.0
Stcity,Shcountry,0.0
Thcity,Shcountry,0.0
Bbcountry,Slcountry,0.0
Becountry,Slcountry,0.0
Bwcountry,Slcountry,0.0
Bycountry,Slcountry,0.0
Hbcountry,Slcountry,0.0
Hecountry,Slcountry,0.0
Hhcountry,Slcountry,0.0
Mvcountry,Slcountry,0.0
Nicountry,Slcountry,0.0
Nwcountry,Slcountry,0.0
Rpcountry,Slcountry,0.0
Shcountry,Slcountry,0.0
Slcountry,Slcountry,0.0
Sncountry,Slcountry,0.0
Stcountry,Slcountry,0.0
Thcountry,Slcountry,0.0
Bbcity,Slcountry,0.0
Becity,Slcountry,0.0
Bwcity,Slcountry,0.0
Bycity,Slcountry,0.0
Hbcity,Slcountry,0.0
Hecity,Slcountry,0.0
Hhcity,Slcountry,0.0
Mvcity,Slcountry,0.0
Nicity,Slcountry,0.0
Nwcity,Slcountry,0.0
Rpcity,Slcountry,0.0
Shcity,Slcountry,0.0
Slcity,Slcountry,0.0
Sncity,Slcountry,0.0
Stcity,Slcountry,0.0
Thcity,Slcountry,0.0
Bbcountry,Sncountry,0.0
Becountry,Sncountry,0.0
Bwcountry,Sncountry,0.0
Bycountry,Sncountry,0.0
Hbcountry,Sncountry,0.0
Hecountry,Sncountry,0.0
Hhcountry,Sncountry,0.0
Mvcountry,Sncountry,0.0
Nicountry,Sncountry,0.0
Nwcountry,Sncountry,0.0
Rpcountry,Sncountry,0.0
Shcountry,Sncountry,0.0
Slcountry,Sncountry,0.0
Sncountry,Sncountry,0.0
Stcountry,Sncountry,0.0
Thcountry,Sncountry,0.0
Bbcity,Sncountry,0.0
Becity,Sncountry,0.0
Bwcity,Sncountry,0.0
Bycity,Sncountry,0.0
Hbcity,Sncountry,0.0
Hecity,Sncountry,0.0
Hhcity,Sncountry,0.0
Mvcity,Sncountry,0.0
Nicity,Sncountry,0.0
Nwcity,Sncountry,0.0
Rpcity,Sncountry,0.0
Shcity,Sncountry,0.0
Slcity,Sncountry,0.0
Sncity,Sncountry,0.0
Stcity,Sncountry,0.0
Thcity,Sncountry,0.0
Bbcountry,Stcountry,0.0
Becountry,Stcountry,0.0
Bwcountry,Stcountry,0.0
Bycountry,Stcountry,0.0
Hbcountry,Stcountry,0.0
Hecountry,Stcountry,0.0
Hhcountry,Stcountry,0.0
Mvcountry,Stcountry,0.0
Nicountry,Stcountry,0.0
Nwcountry,Stcountry,0.0
Rpcountry,Stcountry,0.0
Shcountry,Stcountry,0.0
Slcountry,Stcountry,0.0
Sncountry,Stcountry,0.0
Stcountry,Stcountry,0.0
Thcountry,Stcountry,0.0
Bbcity,Stcountry,0.0
Becity,Stcountry,0.0
Bwcity,Stcountry,0.0
Bycity,Stcountry,0.0
Hbcity,Stcountry,0.0
Hecity,Stcountry,0.0
Hhcity,Stcountry,0.0
Mvcity,Stcountry,0.0
Nicity,Stcountry,0.0
Nwcity,Stcountry,0.0
Rpcity,Stcountry,0.0
Shcity,Stcountry,0.0
Slcity,Stcountry,0.0
Sncity,Stcountry,0.0
Stcity,Stcountry,0.0
Thcity,Stcountry,0.0
Bbcountry,Thcountry,0.0
Becountry,Thcountry,0.0
Bwcountry,Thcountry,0.0
Bycountry,Thcountry,0.0
Hbcountry,Thcountry,0.0
Hecountry,Thcountry,0.0
Hhcountry,Thcountry,0.0
Mvcountry,Thcountry,0.0
Nicountry,Thcountry,0.0
Nwcountry,Thcountry,0.0
Rpcountry,Thcountry,0.0
Shcountry,Thcountry,0.0
Slcountry,Thcountry,0.0
Sncountry,Thcountry,0.0
Stcountry,Thcountry,0.0
Thcountry,Thcountry,0.0
Bbcity,Thcountry,0.0
Becity,Thcountry,0.0
Bwcity,Thcountry,0.0
Bycity,Thcountry,0.0
Hbcity,Thcountry,0.0
Hecity,Thcountry,0.0
Hhcity,Thcountry,0.0
Mvcity,Thcountry,0.0
Nicity,Thcountry,0.0
Nwcity,Thcountry,0.0
Rpcity,Thcountry,0.0
Shcity,Thcountry,0.0
Slcity,Thcountry,0.0
Sncity,Thcountry,0.0
Stcity,Thcountry,0.0
Thcity,Thcountry,0.0
